Model,Accuracy,F1_Score,Training_Time_Seconds
Naive Bayes,0.89375,0.8933438480486505,0.05935168266296387
Logistic Regression,0.9064583333333334,0.9062439745058516,6.157561302185059
